abbreviation	aliases	type	meaning_ru	meaning_en	lang_code
абадзех.		language	абадзехский	Abzakh	
абл.	отлож. п., отлож.	grammar	аблатив, отложительный падеж	ablative	
абхаз.		language	абхазский	Abkhaz	ab
авар.		language	аварский	Avar	av
авест.		language	авестийский	Avestan	ae
австр.		language	австрийский	Austrian	
австр.-нем.		language	австрийско-немецкий	Austrian-German	
азбуковн.		misc	азбуковник	azbukovnik?	
азерб.		language	азербайджанский	Azerbaijani	az
азиатск.		misc	азиатский	Asian	
азовск.		russian dialect	азовский	Azov	
аккад.		language	аккадский	Akkadian	akk
алб.		language	албанский	Albanian	sq
алем.		language	алеманнский	Alemannic	gsw
алт.		language	алтайский	Altai(c)	
алт.		russian dialect	алтайский	Altay	
амурск.	приамурск.	russian dialect	амурский	Amur	
ангарск.		russian dialect	ангарский	Angarsk	
англ.		language	английский	English	en
аор.		grammar	аорист	aorist	
араб.		language	арабский	Arabic	ar
араб.-перс.		language	арабско-персидский	Arabo-Persian	
араб.-тур.		language	арабско-турецкий	Arabo-Turkish	
аравакск.		language	аравакский	Arawak	arw
арам.	арамейск.	language	арамейский	Aramaic	arc
арготич.	аргот.	misc	арготичный	argot	
аркад.		language	аркадский греческий	Arcadian Greek	
арм.		language	армянский	Armenian	hy
аромунск.	аромун.	language	аромунский	Aromanian	rup
арханг.	арх.	russian dialect	архангельский	Arkhangelsk	
ассир.		language	ассирийский	Assyrian	
астрах.		russian dialect	астраханский	Astrakhan	
атт.		language	аттический греческий	Attic Greek	
афг.		language	афганский (пушту)	Pashto	ps
бав.		language	баварский	Bavarian	bar
бав.-австр.	австрийско-бав.	language	австрийско-баварский	Austro-Bavarian	
байкальск.	байк.	russian dialect	байкальский	Baikal	
балканогерм.	балкан.-герм., балкано-герм., балканско-герм.	language	балканско-германский	Balkano-Germanic	
балканск.-	балканско, балк.	language	балканско-	Balkano-	
балкар.		language	балкарский	Balkar	
балто-слав.	балт.-слав.	language	балто-славянский	Balto-Slavic	
бар.	бараб., барабинск.	language	барабинский диалект татарского языка	Baraba Tatar	
барнаульск.		russian dialect	барнаульский	Barnaul	
баск.		language	баскский	Basque	eu
башк.	башкирск.	language	башкирский	Bashkir	ba
белозерск.		russian dialect	белозерский	Belozersk	
беломорск.	беломор.	russian dialect	беломорский	Belomorsk	
белудж.		language	белуджский	Balochi	bal
беот.		language	беотийский греческий	Boeotic Greek	
бессараб.	бессарабск.	russian dialect	бессарабский	Bessarabia	
библ.	библейск.	misc	библейский	Bible	
блр.		language	белорусский	Belarusian	be
болг.		language	болгарский	Bulgarian	bg
боровск.		russian dialect	боровский	Borovsk	
боснийск.		language	боснийский	Bosnian	bs
бот.		misc	ботанический	botanic	
брет.	бретон.	language	бретонский	Breton	br
бронницк.		russian dialect	бронницкий	Bronnitsy	
брянск.		russian dialect	брянский	Bryansk	
буд. вр.	буд.	grammar	будущее время	future	
букв.		meta	буквально	literally	
булг.	булгар., булгарск.	language	булгарский	Bulgar	xbo
бурят.		language	бурятский	Buryat	bua
в.	вв.	meta	век	century	
венг.		language	венгерский	Hungarian	hu
венец.	венетск., венет.	language	венетский	Venetian	vec
вепс.		language	вепсский	Veps	vep
вестфальск.	вестф.	language	вестфальский	Westphalian	wep
ветлужск.		russian dialect	ветлужский	Vetluga	
визант.		language	византийский	Byzantine	
виленск.		language	виленский польський	Vilnius? Polish	
виленск.		russian dialect	виленский	Vilnius?	
вин. п.	вин.	grammar	винительный падеж	accusative	
витебск.		language	витебский диалект белорусского?	Vitebsk dialect of Belarusian?	
владим.	влад., владимрск.	russian dialect	владимирский	Vladimir	
в.-луж.	в-луж.	language	верхнелужицкий	Upper Sorbian	hsb
вм.		meta	вместо	instead of	
в.-нем.		language	верхненемецкий	High German	
водск.		language	водский	Votic	vot
воен.		misc	военный	military	
возвр.	возвратн.	grammar	возвратный	reflexive	
возм.		meta	возможно	perhaps	
вологодск.		russian dialect	вологодский	Vologda	
вопросит.	вопр.	grammar	вопросительный	interrogative	
воровск.		misc	воровской	thieves'	
воронежск.	воронеж.	russian dialect	воронежский	Voronezh	
вост.		misc	восточный	eastern	
вост.-герм.		language	восточногерманский	Eastern Germanic	
вост.-лит.		language	восточнолитовский	Eastern Lithuanian	
вост.-лтш.		language	восточнолатышский	Eastern Latvian	
вост.-русск.	вост., восточнорусск.	russian dialect	восточнорусский	Eastern	
вост.-сиб.		russian dialect	восточносибирский	East Siberian	
вост.-слав.	восточнослав.	language	восточнославянский	Eastern Slavic	
вост.-ср.-нем.		language	востосносредненемецкий	Western Middle German	
вост.-тюрк.		language	восточнотюркский	Eastern Turkic	
вульг.		misc	вульгарный	vulgar	
вытегр.		russian dialect	вытегорский	Vytegra	
вятск.	вят.	russian dialect	вятский	Vyatka	
г.	гг.	meta	год	year	
галльск.		language	галльский	Gaulish	
гдовск.		russian dialect	гдовский	Gdov	
гег.	алб.-гег.	language	гегский (северный) диалект албанского языка	Geg dialect of Albanian	
геогр.		misc	географический	geographic	
герм.		language	германский	Germanic	
гессенск.		language	гессенский	Hessian	
глаг.	гл.	pos	глагол	verb	
глаголич.		misc	глаголический	Glagolitic	
голл.	нидерл.	language	голландский (нидерландский)	Dutch	nl
гомер.	гом.	language	гомеровский греческий	Homeric Greek	
гор.		misc	город	towm	
горномар.		language	горномарийский	Hill Mari	
гот.		language	готский	Gothic	got
грам.		meta	грамматика	grammar	
греч.	др.-греч., эл., древнегреч.	language	древнегреческий	Ancient Greek	grc
груз.		language	грузинский	Georgian	ka
губ.		meta	губерния	guberniya	
гуцульск.		language	гуцульский украинский	Hutsul Ukrainian	
гэльск.	гаэльск.	language	гэльский (кельтский)	Scottish Gaelic	gd
далм.	далматинск.	language	далматинский	Dalmatian	
дат.		grammar	дательный падеж	dative	
датск.	дат.	language	датский	Danish	da
дв.	дв. ч., двойств.	grammar	двойственное число	dual	
д.-в.-н.	д.-в.-нем., др.-в.-нем.	language	древневерхненемецкий	Old High German	goh
дееприч.		grammar	деепричастие	adverbial participle	
действ. зал.	действ.	grammar	действительный залог	active	
детск.		misc	детский	child	
диал.	диалектн.	meta	диалект	dialect	
дидойск.		language	дидойский	Tsez	
дмитровск.		russian dialect	дмитровский	Dmitrovsk	
д.-нж.-н.	д.-н.-н., др.-нж.-нем.	language	древиенижненемецкий	Old Low German	
догреч.		language	догреческий	pre-Greek	
до-и.-е.	доиндоевроп.	language	доиндоевропейский	pre-Indo-European	
донск.		russian dialect	донской	Don	
до н. э.		meta	до нашей эры	BC	
дор.		language	дорийский греческий	Doric Greek	
дослав.		language	дославянский	pre-Slavic	
др.		meta	другой (-ие)	other(s)	
др.-	стар.-	meta	древне / старо	Old / Ancient	
др.-англ.	англос., саксонск., сакск.	language	древнеанглийский (англосаксонский)	Old English	ang
др.-бав.		language	древнебаварский	Old Bavarian	
др.-булг.		language	древнебулгарский	Old? Bulgar	
др.-венг.		language	древневенгерский	Old Hungarian	ohu
др.-герм.		language	древнегерманский	Old Germanic	
др.-гутнийск.	гутнийск.	language	древнегутнийский	Old Gutnish	
др.-евр.	др.-еврейск.	language	древнееврейский	Ancient Hebrew	
др.-егип.		language	дрернеегипетский	Old Egyptian	
др.-инд.		language	древнеиндийский	Sanskrit	sa
др.-инд. вед.	вед.	language	ведийский, язык Вед	Vedic Sanskrit	
др.-ир.		language	древнеиранский	Old Iranian	
др.-ирл.		language	древнеирландский	Old Irish	sga
др.-исл.		language	древнеисландский	Old Icelandic	
др.-кимр.		language	древнекимрский (древневаллийсий)	Old Welsh	owl
др.-лат.		language	древнелатинский	Old Latin	
др.-лит.	ст.-лит.	language	древнелитовский	Old Lithuanian	
др.-перс.		language	древнеперсидский	Old Persian	peo
др.-польск.	ст.-польск.	language	древнепольский	Old Polish	
др.-прусск.	прусск.	language	древнепрусский	Old Prussian	prg
др.-русск.	др.-вост.-слав.	language	древнерусский	Old East Slavic	orv
др.-сакс.		language	древнесаксонский	Old Saxon	
др.-сербск.	др.-серб.	language	древнесербский	Old Serbian	
др.-сканд.		language	древнескандинавский	Old Scandinavian	
др.-тюрк.		language	древнетюркский	Old Turkic	
др.-фриз.		language	древнефризский	Old Frisian	ofs
др.-чеш.		language	древнечешский	Old Czech	
др.-чув.		language	древнечувашский	Old Chuvash (Bulgar?)	
др.-шв.		language	древнешведский	Old Swedish	
дубровницк.	дубровн.	russian dialect	дубровницкий	Dubrovnik	
дунайск.		russian dialect	дунайский	Danube	
дунайско-болг.		language	дунайско-болгарский	Danube Bulgarian	
дунайско-булг.	дун.-булг.	language	дунайско-булгарский	Danube Bulgar	
еврейск.		misc	еврейский	Hebrew	
еврейско-нем.		language	еврейско-немецкий	Hebrew-German	
егип.		language	египетский	Egyptian	egy
ед.	ед. ч.	grammar	единственное число	singular	
енисейск.		russian dialect	енисейский	Yenisey	
ж.	ж. р.	grammar	женский род	feminine	
жем.	лит.-жем.	language	жемайтский	Samogitian	sgs
жиздр.		russian dialect	жиздринский	Zhizdra	
забайк.	забайкальск.	russian dialect	забайкальский	Transbaikal	
заимств.	заим.	meta	заимствование	borrowing	
заонежск.	заон., заонеж.	russian dialect	заонежский	Zaonezhie	
зап.		misc	западный	western	
зап.-европ.	западноевроп.	language	западноевропейский	Western European	
зап.-русск.	зап.	russian dialect	западнорусский	Western	
зап.-слав.		language	западнославянский	Western Slavic	
зап.-фин.		language	западнофинский	Western Finnish	
зв. п.	зв.	grammar	звательный падеж	vocative	
знач.		meta	значение	meaning	
и.-е.		language	(пра)индоевропейский	(Proto)-Indo-European	
ижорск.		language	ижорский	Ingrian	izh
иллир.		language	иллирийский	Illyrian	
ильменск.		russian dialect	ильменский	Ilmen	
им. п.	им.	grammar	именительный падеж	nominative	
ингуш.		language	ингушский	Ingush	inh
инд.		misc	индийский	Indian, Hindi?	
индейск.		language	индейский	Indian (of Americas)	
индо-ир.		language	индоиранский	Indo-Iranian	
инф.		grammar	инфинитив	infinitive	
ион.		language	ионический греческий	Ionic Greek	
и под.	и проч.	meta	и подобные	and others	
ир.	иранск.	language	иранский	Iranian	
иркутск.	ирк.	russian dialect	иркутский	Irkutsk	
ирл.	нов.-ирл.	language	ирландский	Irish	ga
иртышск.	прииртышск.	russian dialect	иртышский	Irtysh	
исконно		misc	исконно	native	
исконнорусск.		language	исконнорусский	native Russian	
исконнослав.	исконно-слав.	language	исконнославянский	native Slavic	
исп.		language	испанский	Spanish	es
ист.	историч.	misc	исторический	historic	
ит.		language	итальянский	Italian	it
италийск.		language	италийский	Italic	
и т. д.		meta	и так далее	etc.	
итер.	итерат.	grammar	итеративный	iterative	
и т. п.		meta	и тому подобное	etc.	
к.	кк.	grammar	корень	root	
кабард.		language	кабардинский	Kabardian	kbd
кавк.		russian dialect	кавказский	Caucasus	
кадниковск.		russian dialect	кадниковский	Kandikov	
казанск.		russian dialect	казанский	Kazan	
казах.		language	казахский	Kazakh	kk
казахстанск.		russian dialect	казахстанский	Kazakhstan	
кайк.		language	кайкавский	Kajkavian	kjv
калм.		language	калмыцкий	Kalmyk	
калужск.		russian dialect	калужский	Kaluga	
камас.		language	камасинский	Kamassian	xas
камск.		russian dialect	камский	Kama	
камч.	камчатск.	russian dialect	камчатский	Kamchatka	
караим.		language	караимский	Karaim	kdr
каракалп.		language	каракалпакский	Karakalpak	kaa
карач.		language	карачаевский	Karachay	
каргопольск.	каргоп.	russian dialect	каргопольский	Kargopol	
карельск.		language	карельский	Karelian	krl
каринтийск.		language	каринтийский	Carinthian	
карпатск.	карп.	language	карпатский украинский	Carpathian Ukrainian	
касимовск.		russian dialect	касимовский	Kasimov	
касп.	каспийск.	russian dialect	каспийский	Kaspiysk	
кауз.		grammar	каузатив	causative	
кашинск.	кашин.	russian dialect	кашинский	Kashin	
кашуб.	каш.	language	кашубский	Kashubian	csb
кельт.	кельтск.	language	кельтский	Celtic	
кемск.		russian dialect	кемский	Kem	
кимр.		language	кимрский (валлийский)	Welsh	cy
кипр.		language	кипрский (греческий?)	Cyprus (Greek?)	
кирг.		language	киргизский	Kyrgyz	ky
кирилловск.		russian dialect	кирилловский	Kirillov	
кировск.		russian dialect	кировский	Kirov	
кит.		language	китайский	Chinese	zh
койб.		language	койбальский	Koybal	
колымск.	колым.	russian dialect	колымский	Kolyma	
кольск.		russian dialect	кольский	Kolsk	
коми-зыр.	коми-зырянск.	language	коми	Komi	kv
копт.		language	коптский	Coptic	cop
коринф.		language	коринфский греческий	Corinth Greek	
корн.		language	корнский (кельтский язык в Корнуэлсе)	Cornish	kw
косв. п.		grammar	косвенный падеж	oblique	
костром.	костромск.	russian dialect	костромской	Kostroma	
критск.	крит.	language	критский	Crete (Greek?)	
кромск.		russian dialect	кромский	Kromy	
крым.-гот.		language	крымско-готский	Crimean-Gothic	
крымск.		russian dialect	крымский	Crimean	
крым.-тат.		language	крымско-татарский	Crimean Tatar	crh
кубанск.	кубан.	russian dialect	кубанский	Kuban	
куманд.	куман.	language	кумандский	Kumandy	
кумык.		language	кумыкский	Kumyk	kum
курд.		language	курдский	Kurdish	ku
курск.		russian dialect	курский	Kursk	
куршск.		language	куршский	"Curonian
"	xcu
кыпч.		language	кыпчакский (куманский, половецкий)	Kipchak	
кюэр.		language	кюэрикский диалект языка чулымских татар	Kiuerik dialect spoken by Chulyma Tatars	
л.		grammar	лицо	person	
ладожск.		russian dialect	ладожский	Ladoga	
лаконск.	лакон.	language	лаконский греческий	Laconic Greek	
ламутск.	ламут., эвенск.	language	ламутский, эвенский	Lamut, Even	eve
лангедокск.		language	лангедокский	Languedocien	
лангоб.	лангобард.	language	лангобардский	Lombardic	lng
ласкат.		misc	ласкательный	hypocoristic	
лат.	нов.-лат., новолат., н.-лат.	language	латинский	Latin	la
леб.		language	лебединский диалект горноалтайского языка	Lebedin Altai	
лезг.		language	лезгинский	Lezgian	lez
лив.		language	ливский	Livonian	liv
лид.		language	лидийский	Lydian	xld
лит.		language	литовский	Lithuanian	lt
литер.		meta	литература	literature	
лифляндск.	лифл.	russian dialect	лифляндский	Livonian	
ломб.		language	ломбардский	Lombard	lmo
лтш.		language	латышский	Latvian	lv
луж.		language	лужицкий	Sorbian	wen
лужск.	серболуж.	russian dialect	лужский	Luga	
люд.		language	людиковский	Ludic	
м.	м. р.	grammar	мужской род	masculine	
макед.		language	македонский	Macedonian	mk
малайск.		language	малайский	Malay	ms
манчж.	маньчж., маньчжур., маньчжурск.	language	маньчжурский	Manchu	mnc
мар.		language	марийский	Mari	
мар. б.	б.	language	бирский говор марийского языка	Birsk? Mari	
мар. й.		language	марийский говор г. Йошкар-Ола (бывш. Царевококшайск)	Yoshkar-Ola Mari	
мар. к.	к.	language	козмодемьянский говор марийского языка	Kozmodemyansk Mari	
мар. у.		language	уржумский говор марийского языка	Urzhum Mari	
мар. я.	я.	language	яранский говор марийского языка	Yaransk Mari	
матем.		misc	математический	mathematical	
мегр.	мингрельск.	language	мегрельский	Mingrelian	xmf
межд.	междом.	pos	междометие	interjection	
мезенск.		russian dialect	мезенский	Mezen	
мексик.	мекс.	language	науатль	Nahuatl	nah
мест.	местоим.	pos	местоимение	pronoun	
местн. н.	мест. н., местн. нн.	misc	местное название	placename	
местн. п.	местн.	grammar	местный падеж	locative	
мидийск.	мид.	language	мидийский	Median	xme
минск.		russian dialect	минский	Minsk	
митаннийск.		language	митаннийский	Mitanni	
мишар.		language	мишарский, мещеряцкий говор татарского языка	Mishar dialect of Tatar	
мн.	мн. ч.	grammar	множественное число	plural	
могилевск.		russian dialect	могилевский	Mahilyow	
моложск.		russian dialect	моложский	Mologa	
монг.		language	монгольский	Mongolian	mn
монг.-тюрк.		language	монгольско-тюркский	Mongol-Turkic	
мор.	ганацк.	language	моравский	Moravian	
морд.		language	мордовский	Mordvinic	
морд. м.		language	мокша-мордовский	Moksha	mdf
морд. э.	э.	language	эрзя-мордовский	Erzya	myv
морск.		misc	морской	nautical	
моск.		russian dialect	московский	Moscow	
муз.	музык.	misc	музыка	music	
мурманск.		russian dialect	мурманский	Murmansk	
назв.		meta	название	name	
накл.		grammar	наклонение	mood	
напр.		meta	например	e.g.	
нареч.		pos	наречие	adverb	
нариц.		grammar	нарицательный	common noun	
народн.	нар.	meta	народный	vernacular, folk	
народнолат.	нар.-лат., народно-лат.	language	народнолатинский	Vulgar Latin	
народноэтимол.	народноэтимологич.	meta	народноэтимологичный	folk etymology	
наст. вр.	наст.	grammar	настоящее время	present	
нганас.		language	нганасанский	Nganasan	nio
не-и.-е.		language	неиндоевропейский	non-Indo-European	
нем.		language	немецкий	German	de
ненецк.	ненец.	language	ненецкий	Nenets	yrk
несврш.	импф.	grammar	несовершенный	imperfective	
нескл.		grammar	несклоняемый	indeclinable	
неслав.		language	неславянский	non-Slavic	
нж.-нем.	н.-нем., нж.-н.	language	нижненемецкий	Low German	nds
нижегор.	нижег.	russian dialect	нижегородский	Nizhny Novgorod	
н.-луж.	нж.-луж.	language	нижнелужицкий	Lower Sorbian	dsb
нов.-в.-н.	нов.-в.-нем., н.-в.-н.	language	нововерхненемецкий	New High German	
новгор.	новг.	russian dialect	новгородский	Novgorod	
нов.-греч.	новогреч.	language	новогреческий	Modern Greek	el
нов.-исл.	исл.	language	новоисландский	Icelandic	is
нов.-перс.	ново-перс., н.-перс.	language	новоперсидский	New Persian	
ногайск.	ног.	language	ногайский	Nogai	nog
норв.		language	норвежский	Norwegian	no
норв.-датск.		language	норвежско-датский	Norwegian-Danish	
нотоз.		russian dialect	нотозерский?	Notozero?	
н. э.		meta	нашей эры	AD	
обдорск.		russian dialect	обдорский	Obdorsk	
обл.		meta	область	oblast	
обоянск.		russian dialect	обоянский	Oboyan	
одесск.		russian dialect	одесский	Odesa	
одоевск.		russian dialect	одоевский	Odoyev	
оз.	озер.	meta	озеро	lake	
ойрат.	ойр.	language	ойратский	Oirat	xal
ок.		meta	около	around	
олон.		language	олонецкий (один из прибалтийско-финских языков или диалектов; ливвиковский диалект карельского?)	Olonets, Livvi-Karelian?	olo
олонецк.		russian dialect	олонецкий	Olonets	
онежск.		russian dialect	онежский	Onega	
опоч.		russian dialect	опочецкий	Opochka	
оренб.	оренбургск.	russian dialect	оренбургский	Orenburg	
орловск.	орл.	russian dialect	орловский	Oryol	
осет.		language	осетинский	Ossetian	os
оск.		language	оскский	Oscan	osc
оск.-умбр.		language	оскско-умбрийский	Oscan-Umbrian	
осташк.		russian dialect	осташковский	Ostashkov	
отгл.		grammar	отглагольный	deverbal	
относит.	отн., относ.	grammar	относительный	relative	
отриц.		grammar	отрицательный	negative	
памирск.		language	памирский	Pamir	
памфильск.		language	памфильский греческий	Pamphylian Greek	
пелигнск.	пелигн.	language	пелигнский	Paeligni	pgn
пелымск.		russian dialect	пелымский	Pelym	
пенз.		russian dialect	пензенский	Penza	
первонач.		meta	первоначально	initially	
перен.	переносн.	misc	переносный	figurative	
перм.	пермск.	russian dialect	пермский	Perm	
перс.		language	персидский	Farsi	fa
перс.-тур.		language	персидско-турецкий	Perso-Turkish	
петерб.	ленингр.	russian dialect	петербургский	Saint Petersburg	
петергофск.		russian dialect	петергофский	Petergof	
петрозав.	петроз., петрозаводск.	russian dialect	петрозаводский	Petrozavodsk	
печенежск.		language	печенежский	Pecheneg	xpc
печорск.		russian dialect	печорский	Pechory	
пинежск.		russian dialect	пинежский	Pinega	
повел. накл.	повел., повелит.	grammar	повелительное наклонение	imperative	
повенецк.		russian dialect	повенецкий	Povenets	
поволжск.	волжск.	russian dialect	поволжский	Povolzhye	
позднегреч.		language	позднегреческий	Late Greek	
поздне-д.-в.-н.		language	позднедревневерхненемецкий	Late Old High German	
позднелат.		language	позднелатинский	Late Latin	
поздне-ср.-в.-н.		language	позднесредневерхненемецкий	Late Middle High German	
пол.		meta	половина	half	
полаб.	полабск.	language	полабский	Polabian	pox
полинез.		language	полинезийский	Polynesian	
половецк.		language	половецкий	Cuman	qwm
польск.		language	польский	Polish	pl
порт.		language	португальский	Portuguese	pt
пошехонск.		russian dialect	пошехонский	Poshekhonye	
поэт.		misc	поэтический	poetic	
пра		meta	пра-	Proto-	
прагерм.		language	прагерманский	Proto-Germanic	
праслав.		language	праславянский	Proto-Slavic	
превосх. степ.	превосх.	grammar	превосходная степень	superlative	
предл.		pos	предлог	preposition	
презрит.		misc	презрительный	contemptuous	
пренест.		language	пренестинский латинский	Palestrina Latin	
прибалт.	прибалтийск., балт., балтийск.	language	прибалтийский, балтийский	Baltic	
прибалт.-нем.	балт.-нем.	language	прибалтийско-немецкий	Balto-German	
прибалт.-фин.		language	прибалтийско-финский	Balto-Finnish	
прикасп.	прикаспийск.	russian dialect	прикаспийский	Caspian	
прилаг.	прил.	pos	прилагательное	adjective	
притяжат.		grammar	притяжательный	possessive	
прич.		pos	причастие	participle	
причерноморск.	черноморск.	russian dialect	причерноморский	Black Sea coast	
прованс.		language	провансальский	Provençal	
происхожд.		meta	происхождение	origin	
просторечн.	простореч.	meta	просторечный	colloquial	
прош. вр.	прош.	grammar	прошедшее время	past	
псковск.	пск.	russian dialect	псковский	Pskov	
пудожск.		russian dialect	пудожский	Pudozh	
пьемонтск.		language	пьемонтский	Piedmontese	pms
ранне-нов.-в.-н.		language	ранненововерхненемецкий	Early New High German	
раст.		misc	растение	plant	
ретором.		language	ретороманский	Rhaeto-Romance	
ржевск.		russian dialect	ржевский	Rzhev	
рогачевск.		russian dialect	рогачевский	Rahachow	
род. п.	род.	grammar	родительный падеж	genitive	
родств.		meta	родственный	cognate	
ром.		language	романский	Romance	
рум.		language	румынский	Romanian	ro
русск.	великорусск.	language	русский	Russian	ru
русск.-цслав.	др.-русск.-цслав.	language	язык церковнославянских памятников русского извода	Russian recension of Church Slavonic	
ряз.	рязан.	russian dialect	рязанский	Ryazan	
с.		pos	союз	conjunction	
саам.		language	саамский	Sámi	
саам. и.		language	инари диалект саамского языка	Inari Sámi	
саам. к.	к., кольск.	language	кольский диалект саамского языка	Kola Sámi	
саам. кильд.	кильд.	language	кильдинский диалект саамского языка	Kildin Sámi	
саам. л.		language	луле диалект саамского языка	Lule Sámi	
саам. норв.		language	норвежский диалект саамского языка	Norwegian Sámi	
саам. нотоз.	нотозерск., нотоз., н.	language	нотозерский диалект саамского языка	Notozero Sámi	
саам. патс.	саам. п., патс.	language	патсйоки диалект саамского языка	Pasvik? Sámi	
саам. печ.	печенг., печенгск.	language	печенгский диалект саамского языка	Petsamo? Sámi	
саам. тер.	саам. терск., тер., терск.	language	терский диалект саамского языка	Terek Sámi	
саам. шв.		language	шведский диалект саамского языка	Swedish Sámi	
саг.	сагайск.	language	сагайский диалект хакасского языка	Sagai dialect of Khakas language	
самарск.	самар.	russian dialect	самарский	Samara	
самодийск.	самоедск., самоед., сам.	language	самодийский	Samoyedic	syd
сарапульск.		russian dialect	сарапульский	Sarapul	
сарат.		russian dialect	саратовский	Saratov	
сард.		language	сардинский	Sardinian	sc
сарикольск.	сарыкольск.	language	сарыкольский	Sarikoli	srh
сармат.		language	сарматский	Sarmatian	
свирск.		russian dialect	свирский	Svirsk	
с.-в.-р.	сев.-русск., сев.	russian dialect	северорусский	Northern	
сврш.	пф., перф.	grammar	совершенный	perfective	
сев.		misc	северный	northern	
севск.		russian dialect	севский	Sevsk	
сев.-тюрк.		language	севернотюркский	Northern Turkic	
селькуп.		language	селькупский	Selkup	sel
семинарск.	семинар.	misc	семинарский	seminary	
семит.	семитск.	language	семитский	Semitic	
сербохорв.		language	сербохорватский	Serbo-Croatian	sh
сербохорв.-цслав.		language	язык церковнославянских памятников сербохорватского? извода	Serbo-Croatian? recension of Church Slavonic	
сербск.		language	сербский	Serbian	sr
сербск.-цслав.		language	язык церковнославянских памятников сербского извода	Serbian recension of Church Slavonic	
сиб.		russian dialect	сибирский	Siberian	
силезск.		language	силезский	Silesian	szl
симб.		russian dialect	симбирский	Simbirsk	
сир.		language	сирийский	Syriac	syc
сицил.		language	сицилийский	Sicilian	scn
сканд.		language	скандинавский	Scandinavian	
скиф.	скифск.	language	скифский	Scythian	
сл.	след., нижеслед.	meta	следующий	next	
слав.		language	славянский	Slavic	
слвц.		language	словацкий	Slovak	sk
словен.	словенск.	language	словенский	Slovene	sl
словин.		language	словинско-кашубский	Slovincian?	
слуцк.		russian dialect	слуцкий	"Sluck
"	
см.		meta	смотри	see	
смол.		russian dialect	смоленский	Smolensk	
собир.	собират.	grammar	собирательный	collective	
собств.	им. собств.	grammar	собственное	proper	
совр.	соврем.	meta	современный	modern	
согд.		language	согдийский	Sogdian	sog
сольвычегодск.		russian dialect	сольвычегодский	Solvychegodsk	
сосл.		grammar	сослагательное наклонение	subjunctive	
спорт.		misc	спортивный	athletic	
ср.		meta	сравни	compare	
сравн. степ.		grammar	сравнительная степень	comparative	
ср.-англ.		language	среднеанглийский	Middle English	enm
ср.-болг.		language	среднеболгарский	Middle Bulgarian	
ср.-в.-н.	ср.-в.-нем.	language	средневерхненемецкий	Middle High German	gmh
ср.-греч.		language	среднегреческий	Medieval Greek	
средн.	ср.-	meta	средне	Middle	
ср.-ирл.		language	среднеирландский	Middle Irish	mga
ср.-лат.		language	среднелатинский	Medieval Latin	
ср.-нем.		language	средненемецкий	Middle German	
ср.-нж.-нем.	ср.-нж.-н., ср.-н.-нем., ср.-н.-н.	language	средненижненемецкий	Middle Low German	gml
ср.-нидерл.		language	средненидерландский	Middle Dutch	dum
ср.-перс.		language	среднеперсидский	Middle Persian	pal
ср. р.		grammar	средний род	neuter	
ср.-тюрк.		language	среднетюркский	Middle Turkic	
ставроп.		russian dialect	ставропольский	Stavropol	
стар.	ст.-	meta	старый / старо-	old / Old	
степ.		grammar	степень	degree	
стр.		meta	страница	page	
страд.		grammar	страдательный залог	passive voice	
ст.-слав.		language	старославянский	Old Slavonic	
ст.-франц.		language	старофранцузский	Old French	fro
суджанск.		russian dialect	суджанский	Sudzha	
суф.	суфф.	grammar	суффикс	suffix	
сущ.		pos	существительное	noun	
табуистич.		meta	табуистичный	taboo	
так наз.		meta	так называемый	so called	
тамб.		russian dialect	тамбовский	Tambov	
тамильск.		language	тамильский	Tamil	ta
тар.		language	таранчинский кульджинский говор центрального диалекта уйгурского языка	Taranchi Central dialect of Uyghur language	
тат.		language	татарский	Tatar	tt
тат.	татар.	russian dialect	татарский?	Tatar?	
тверск.		russian dialect	тверской	Tver	
тв. п.	тв., твор., твор. п.	grammar	творительный падеж	instrumental	
т. е.		meta	то есть	i.e.	
тел.		language	телеутский диалект горноалтайского языка	Teleut dialect of Altai language	
терм.		meta	термин	term	
терск.	тер.	russian dialect	терский	Terek	
тибет.		language	тибетский	Standard Tibetan	bo
тирольск.		language	тирольский	Tirol	
тихвинск.		russian dialect	тихвинский	Tikhvin	
тоб.	тоб.-тат.	language	тобольский диалект татар на Иртыше между Тобольском и бывш. Тюменским уездом	Tatars' Tobol dialect on Irtysh river between Tobolsk and former Tumen uyezds	
тобольск.	тоб.	russian dialect	тобольский	Tobolsk	
томск.		russian dialect	томский	Tomsk	
торопецк.		russian dialect	торопецкий	Toropets	
тоск.	алб.-тоск.	language	тоскский (южный) диалект албанского языка	Tosk dialect of Albanian	
тотемск.		russian dialect	тотемский	Totma	
тохар.	тох.	language	тохарский	Tocharian	
тракайск.		russian dialect	тракайский	Trakai	
трубчевск.		russian dialect	трубчевский	Trubchevsk	
тувинск.	тув., сойон.	language	тувинский	Tuvan	tyv
тульск.		russian dialect	тульский	Tula	
тунг.	эвен., эвенк.	language	тунгусский (эвенкийский)	Evenki	evn
тур.		language	турецкий (османский)	Turkish	tr
тур.-араб.		language	турецко-арабский	Turkish-Arabic	
туркм.		language	туркменский	Turkmen	tk
тур.-перс.		language	турецко-персидский	Turkish-Persian	
турфанск.		language	турфанский	Turfanian	
тюрк.	тюркск.	language	тюркский	Turkic	
у.	уу.	meta	уезд	uyezd	
убых.		language	убыхский	Ubykh	uby
увеличит.		grammar	увеличительный	augmentative	
удинск.		language	удинский	Udi	udi
удм.	удмурт.	language	удмуртский (вотяцкий)	Udmurt	udm
узб.		language	узбекский	Uzbek	uz
уйг.	уйгур.	language	уйгурский	Uyghur	ug
указ.	указат.	grammar	указательный	demonstrative	
укр.		language	украинский	Ukrainian	uk
умбр.		language	умбрский	Umbrian	xum
уменьш.	ум.	grammar	уменьшительный	diminutive	
уничиж.		misc	уничижительный	pejorative	
употр.	употребл.	misc	употребляется	used	
уральск.		russian dialect	уральский	Ural	
уржумск.		russian dialect	уржумский	Urzhum	
усилит.		grammar	усилительный	intensifying	
устар.		meta	устаревший	obsolete	
устн. народн. (творчество)		meta	устное народное творчество	folklore	
устюжск.	устюжненск., устюженск.	russian dialect	устюженский	Ustyuzhna	
уфимск.		russian dialect	уфимский	Ufa	
ф.		grammar	форма	form	
фам.		misc	фамилия	famliy name	
фарерск.		language	фарерский	Faroese	fo
фин.	финск.	language	финский	Finnish	fi
финикийск.	финик.	language	финикийский	Phoenician	phn
фин.-уг.	фин.-угорск., финно-угорск., финно-уг., фин.-угор.	language	финно-угорский	Finno-Ugric	
флам.		language	фламандский	Flemish	
фрак.		language	фракийский	Thracian	txh
франк.	франкск.	language	франкский	Frankish	frk
франко-ит.	франц.-ит.	language	франко-итальянский	Franco-Italian	
франц.		language	французский	French	fr
фриг.		language	фригийский	Phrygian	xpg
фриз.	фризск.	language	фризский	Frisian	
фриульск.		language	фриульский	Friulian	fur
хазарск.	хазар.	language	хазарский	Khazar	zkz
халд.		language	халдский, Урартский	Urartian	xur
хамит.		language	хамитский	Hamitic	
ханты н.	н.	language	низямский? диалект хантыйского языка	Nizyam? dialect of Khanty	
ханты-ю.		language	юганский диалект хантыйского языка	Jugan dialect of Khanty	
харьк.		russian dialect	харьковский	Kharkiv	
херсонск.		russian dialect	херсонский	Kherson	
хетт.	хеттск.	language	хеттский	Het	
хивинск.	хивин., хив.	language	хорезмско-тюркский?	Khorezmian? (Turkic)	
хим.	химич.	misc	химический	chemical	
хиндуст.		language	хиндустани	Hindustani	
холмогорск.	холмог.	russian dialect	холмогорский	Kholmogory	
хорв.		language	хорватский	Croatian	hr
хотансакск.	хотанск.	language	хотаносакский	Khotanese	kho
цаконск.		language	цаконский	Tsakonian	tsd
церк.		misc	церковный	church	
цслав.	цслв.	language	церковнославянский	Church Slavonic	
цыганск.	цыг.	language	цыганский	Romani	rom
чагат.		language	чагатайский (староузбекский)	Chagatai	chg
чакав.	чак.	language	чакавский	Chakavian	
част.		pos	частица	particle	
чердынск.		russian dialect	чердынский	Cherdyn	
череповецк.	череповец.	russian dialect	череповецкий	Cherepovets	
черк.		language	черкесский	Circassian	
черниг.		russian dialect	черниговский	Chernihiv	
черногорск.		language	черногорский	Montenegrin	cnr
чеченск.		language	чеченский	Chechen	ce
чеш.		language	чешский	Czech	cs
чеш.-цслав.		language	язык церковнославянских памятников чешского извода	Czech recension of Church Slavonic	
чистопольск.		russian dialect	чистопольский	Chistopol	
чув.		language	чувашский	Chuvash	cv
шадринск.		russian dialect	шадринский	Shadrinsk	
шапсуг.		language	шапсугский диалект адыгского языка	Shapsug dialect of Adyghe	
шахм.		misc	шахматы	chess	
шв.		language	шведский	Swedish	sv
шваб.	швабск.	language	швабский диалект немецкого языка	Swabian German	
швейц.		language	швейцарский	Swiss	
швейц.-нем.	швейцарско-нем.	language	швейцарско-немецкий	Swiss-German	
шенкурск.		russian dialect	шенкурский	Shenkursk	
школьн.		misc	школьный	school	
шор.	шорск.	language	шорский	Shor	cja
шугнанск.		language	шугнанский	Shughni	sgh
шумер.		language	шумерский	Sumerian	sux
шутл.	юмор.	misc	шутливый	humorous	
энгадинск.		language	энгадинский?	Engadin?	
энецк.	энец.	language	энецкий (енисейско-самодийский)	Enets	
энклит.	энкл.	grammar	энклитика	enclitic	
эол.	лесб.	language	эолийский греческий	Aeolic Greek	
эпидаврск.	эп.	language	эпидаврский греческий	Epidaurian Greek	
эст.		language	эстонский	Estonian	et
этрусск.		language	этрусский	Etruscan	ett
ю.-в.-р.	южн., южнорусск.	russian dialect	южнорусский	Southern	
южн.	ю., южно, юго	misc	южный	southern	
ю.-слав.	южн.-слав., юж.-слав., южнослав.	language	южнославянский	Southern Slavic	
ягнобск.	ягноб.	language	ягнобский	Yaghnobi	yai
яз.		meta	язык	language	
якут.	якутск.	language	якутский	Yakut	sah
ямбургск.		russian dialect	ямбургский	Yamburg	
яп.		language	японский	Japanese	ja
яренск.		russian dialect	яренский	Yarensk	
яросл.	ярослав.	russian dialect	ярославский	Yaroslavl	
